{"cameraMode":{"drawMode":0,"name":"Shaded","section":"Shading Mode"},"sceneLighting":true,"audioPlay":false,"sceneViewState":{"showFog":true,"showMaterialUpdate":false,"showSkybox":true,"showFlares":true,"showImageEffects":true,"showParticleSystems":true},"in2DMode":false,"pivot":{"x":87.77621459960938,"y":21.4638671875,"z":3.96484375},"rotation":{"x":0.0359916128218174,"y":-0.005995742045342922,"z":0.00021594793361146003,"w":0.9993366599082947},"size":14.906214714050293,"orthographic":true}